,site_Sequence,site_Start,site_End
0,AGGTCAGATG,11,20
1,AGGTCAGATG,61,70
2,AGGTCAGATG,24,33
3,AGGTCAGATG,60,69
4,AGCTCAGAAG,2,11
5,AGCTCAGAAT,4,13
6,AGCTCAGAAT,1,10
7,AGGTCGGAAG,15,24
8,AGCTCGGAAG,29,38
9,AGTCCAGAAG,70,79
10,AGTCCAGAAG,69,78
11,AGTCCAGAAG,68,77
12,AGGTCAGACG,20,29
13,AGATCGGAAG,24,33
14,AGATCGGAAG,67,76
15,AGATCGGAAG,12,21
16,AGATCGGAAG,66,75
17,AAGTCAGAAG,22,31
18,ATAGTAAGT,80,88
19,ATAGTAAGT,32,40
20,ATAGTAAGT,73,81
21,ATAGTAAGT,81,89
22,ATAGTAAGT,83,91
23,ATAGTAAGT,61,69
24,ATAGTAAGT,35,43
25,ATAGTAAGT,79,87
26,ATAGTAAGT,51,59
27,ATAGTAAGT,59,67
28,ATAGTAAGT,46,54
29,ATAGTAAGT,82,90
30,ATAGTAAGT,60,68
31,ATAGTAAGT,62,70
32,ATAGTGAGT,7,15
33,ATAGTGAGT,8,16
34,ATAGTGAGT,65,73
35,ATAGTGAGT,16,24
36,ATAGTGAGT,12,20
37,ATAGTGAGT,17,25
38,ATAGTGAGT,6,14
39,ATAGTGAGT,68,76
40,ATAGTGAGT,11,19
41,ATAGTGAGT,71,79
42,ATAGTGAGT,69,77
43,ATAGTGAGT,45,53
44,ATAGTGAGT,72,80
45,ATAGTATGT,61,69
46,ATAGTATGT,51,59
47,ATAGTATGT,49,57
48,ATACTAAGT,13,21
49,ATAGTAACT,37,45
50,CTGTGCTGCG,68,77
51,CCGTGCTGCG,12,21
52,CTGTGCTGCT,1,10
53,CTGTGCTGCT,71,80
54,CTGTGCTGCT,70,79
55,CTATGCCGCG,56,65
56,CTGTACCGCG,38,47
57,ATGTGCCGCG,38,47
58,CTGGCCTGCG,24,33
59,TTGTGCGGCG,20,29
60,CTCTGATGCG,6,15
61,ATGTTCTGCG,30,39
62,ATGTTCTGCG,46,55
63,CGTGCTAC,67,74
64,CGTGCTAC,52,59
65,CGTGCTAC,62,69
66,CGTGCTAC,7,14
67,CGTGCTAC,65,72
68,CGTGCTAC,66,73
69,CGTGCTAC,51,58
70,CGTGCTAC,132,139
71,CGTGCTAC,50,57
72,CCGGATC,69,75
73,CCGGATC,42,48
74,CCGGATC,68,74
75,CCGGATC,71,77
76,CCGGATC,5,11
77,CCGGATC,9,15
78,CCGGATC,100,106
79,GCGGATC,49,55
80,GCGGATC,22,28
81,GCGGATC,2,8
82,GCGGATC,8,14
83,GCGGATC,28,34
84,GCGGATC,13,19
85,GCGGATC,51,57
86,AAGCTTG,55,61
87,AAGCTTG,56,62
88,AAGCTTG,90,96
89,AAGCTTG,87,93
90,AAGCTTG,57,63
91,AAGCTTG,78,84
92,AAGCTTG,82,88
93,AAGCTTG,83,89
94,AAGCTTG,33,39
95,AAGCTTG,98,104
96,AAGCTTG,52,58
97,AAGCTTG,9,15
98,AAGCTTG,6,12
99,AAGCTTG,93,99
100,AAGCTTG,71,77
101,AAGCTTG,91,97
102,AAGCTTG,8,14
103,AAGCTTG,11,17
104,AAGCTTG,96,102
105,AAGCATG,1,7
106,AAGCATG,51,57
107,AAGCATG,33,39
108,AAGCATG,21,27
109,AAGCATG,72,78
110,AAGCTGG,4,10
111,AAGCTGG,36,42
112,AAGCTGG,23,29
113,AAGCTGG,44,50
114,AAGCTGG,28,34
115,AAGCTGG,24,30
116,AAGCTGG,9,15
117,AAGCTGG,25,31
118,AAGGTTG,17,23
119,AAGGTTG,40,46
120,AAGGTTG,44,50
121,AAGGTTG,15,21
122,AAGGTTG,30,36
123,AAGGTTG,51,57
124,AAGGTTG,14,20
125,AAGCTTA,86,92
126,AAGCTTA,4,10
127,AAGCTTA,77,83
128,AAGCTTA,89,95
129,AAGCTTA,71,77
130,AAGCTTA,97,103
131,AAGCTTA,48,54
132,AAGCTTA,92,98
133,AAGCTTA,90,96
134,AAGCTTA,12,18
135,AAGCTTA,95,101
136,AATACG,6,11
137,AATACG,47,52
138,AATACG,29,34
139,AATACG,65,70
140,AATACG,1,6
141,AATACG,2,7
142,AATACG,74,79
143,AATACG,4,9
144,AATACG,10,15
145,AATACG,11,16
146,AATACG,7,12
147,AATACG,8,13
148,AATACG,77,82
149,AATACG,5,10
150,AATACG,45,50
151,AATACG,80,85
152,AATACG,78,83
153,AATACG,37,42
154,AATACG,53,58
155,AATACG,62,67
156,AATACG,54,59
157,AATACG,46,51
158,AATACG,81,86
159,ATTCAATTGC,11,20
160,ATTCAATTGG,11,20
161,ATTCAATTGA,11,20
162,ATTCAATTAC,11,20
163,ATTCAATTAG,11,20
164,ATTCAATTGT,11,20
165,ATTCAATTCG,11,20
166,ATTCAATTCG,19,28
167,ATTCAATTCC,11,20
168,ATTCAATTCC,57,66
169,ATTCAATTCC,8,17
170,ATTCAATTCA,11,20
171,ATTCAATTAT,11,20
172,ATTCATTTGC,40,49
173,ATTCAGTTGG,65,74
174,ATTCAATTCT,11,20
175,ATTCAATTTG,46,55
176,ATTCAATTTG,11,20
177,ATTCAACTGA,19,28
178,ATTCAGTTAC,18,27
179,AGTCAATTGG,63,72
180,ATTCAATTTA,11,20
181,ATTCGATTAC,34,43
182,GAATTC,16,21
183,GAATTC,53,58
184,GAATTC,5,10
185,GAATTC,79,84
186,GAATTC,80,85
187,GAATTC,20,25
188,GAATTC,14,19
189,GAATTC,4,9
190,GAATTC,3,8
191,GAATTC,59,64
192,GAATTC,36,41
193,GAATTC,44,49
194,GAATTC,40,45
195,GAATTC,10,15
196,GAATTC,47,52
197,GAATTC,1,6
198,GAATTC,24,29
199,GAATTC,51,56
200,GAATTC,62,67
201,GAATTC,11,16
202,GAATTC,17,22
203,GAATTC,77,82
204,GAATTC,21,26
205,GAATTC,18,23
206,GAATTC,46,51
207,GAATTC,83,88
208,GAATTC,15,20
209,GAATTC,92,97
210,GAATTC,63,68
211,AAACGCTCAAA,14,24
212,AAACGCTCATA,17,27
213,AAACGCTCAAC,14,24
214,AAACGCTCAAT,14,24
215,AAACGCTCAAT,64,74
216,AAACGCTCAAG,14,24
217,AAACGCACATT,48,58
218,AGACGCACATA,63,73
219,AGACGCACATA,53,63
220,AGACGCACATA,62,72
221,AGACGCACATA,144,154
222,AGACGCACATA,73,83
223,AGACGCACATT,62,72
224,AAACGCTCTTC,47,57
225,AAACGCTAAGA,26,36
226,AAACGCTAAGA,41,51
227,AAACGCAAAAG,10,20
228,AACCGCTCATC,22,32
229,AGACGCAAATT,54,64
230,GCCTCCTGTCG,51,61
231,GCCTCCTGTCG,66,76
232,GCCTCCTGTCG,65,75
233,GCCTCCTGTCG,62,72
234,GCCTCCTTCCG,10,20
235,GCCTCCTTCCG,3,13
236,GCCTCATGTCG,58,68
237,GCCTCATGTCG,57,67
238,GCCTCATGTCG,60,70
239,GCCTCATGCCG,11,21
240,GCCTCCTTCCC,10,20
241,GCCTCCTTCCT,10,20
242,GCCTCCTATCG,20,30
243,GCCTCCTCTCG,12,22
244,GCCTCCTGTAC,7,17
245,GCCTCCTGTAC,46,56
246,GCCTCCTGTAC,19,29
247,GCCTCCTGTAC,60,70
248,GCCTCCTGTAC,22,32
249,GCCTCCTGTAC,21,31
250,GCCTCCTTCCA,10,20
251,GCCACCTTCCG,47,57
252,GCCACCTTCCG,26,36
253,GCCACCTTCCG,48,58
254,GCCACCTTCCG,25,35
255,CCCACCCACCCC,38,49
256,CCCACCCACCCC,17,28
257,CCCACCCACCCC,19,30
258,CCCACCCACCCC,29,40
259,CCCACCCACCCC,34,45
260,CCCACCCACCCC,27,38
261,CCCACCCACCCC,86,97
262,CCCACCCAACCC,27,38
263,CCCACCCAACCC,24,35
264,CCCAACCACCCC,24,35
265,CCCAACCACCCC,89,100
266,CCCGCCCACCCC,34,45
267,CCCTCCCACCCC,37,48
268,CCCTCCCACCCC,33,44
269,CCCTCCCACCCC,69,80
270,CCCTCCCACCCC,40,51
271,CCCTCCCACCCC,3,14
272,CCCGCCCAACCC,32,43
273,CCCACCCTACCC,38,49
274,CCCACCCACCCA,18,29
275,CCCACCCACCCA,4,15
276,CCCACCCACCCA,27,38
277,CCCACCCACCAC,26,37
278,CCCACCCACCAC,8,19
279,CCCACCCACCAC,62,73
280,CCCACCCACCAC,59,70
281,CCCACCCACCAC,28,39
282,CCCTCCCTCCCC,34,45
283,CCCTCCCTCCCC,33,44
284,CCCTCCCGCCCC,15,26
285,CCCACCTACCCC,26,37
286,CCCACCCACCTC,25,36
287,CCCTACCAACCC,12,23
288,CCCACCCACCCG,33,44
289,CCCACCCACCCG,32,43
290,CCCAACCTGCCC,12,23
291,CCCAACCTGCCC,22,33
292,CCCAACCTGCCC,47,58
293,CCCAACCTGCCC,42,53
294,CCCAACCTGCCC,11,22
295,CCCAACCTGCCC,13,24
296,CCCGCCCACCAC,13,24
297,CCCGCCCACCAC,25,36
298,CCCACCCTCCCA,37,48
299,CCCACCCTCCCA,29,40
300,CCCACCCTCCCA,30,41
301,CCCGTCCACCCC,29,40
302,CCCGTCCACCCC,5,16
303,CCCAACTACCCC,41,52
304,CCCACCCGCCCA,28,39
305,CCCACCCGCCCA,17,28
306,CCCTCCCACCCA,22,33
307,CCCACCCAACCG,35,46
308,CCCAACCACCTC,38,49
309,CCCATCCTACCC,11,22
310,CCCATCCTACCC,12,23
311,CCCATCCTACCC,33,44
312,CCCACCCGCCAC,29,40
313,CCATCCCACCCC,16,27
314,CCCTCCCTGCCC,37,48
315,CCCACCCCCCCC,33,44
316,CCCACCCCCCCC,65,76
317,CCCACCCCCCCC,36,47
318,CCCACCCCCCCC,1,12
319,TCCACCCAACCC,25,36
320,CCCACCCACCGC,36,47
321,CCAAACCAACCC,33,44
322,CCAAACCAACCC,40,51
323,CCAAACCAACCC,21,32
324,CCCAACCACACC,13,24
325,CCTACCCACCCC,33,44
326,CCCGCCCTCCCA,50,61
327,CCCGCCCTCCCA,7,18
328,CCCACCCACCAA,25,36
329,CCCACCCAATCC,9,20
330,CCCACCCGCCTC,28,39
331,CCCATCCGACCC,32,43
332,CCAACCCACCCA,29,40
333,CCAACCCACCCA,42,53
334,CCAACCCACCCA,38,49
335,CCAACCCACCCA,90,101
336,CACACCCAACCC,20,31
337,TCCTCCCACCCC,27,38
338,TCCTCCCACCCC,34,45
339,CCCGTCCGCCCC,37,48
340,CCCACCCAGTCC,10,21
341,CCCACCCAGTCC,45,56
342,CCCACCCCACCC,18,29
343,CCCACCCCACCC,6,17
344,CCCACCCGACCA,14,25
345,CCCGCCCTCCTC,24,35
346,CCAACCCAACCA,11,22
347,CCCAACCAGACC,7,18
348,CCCAACCAGACC,10,21
349,CCCGCCTAGCCC,21,32
350,CCCGCCTAGCCC,37,48
351,CACAACCAACCC,2,13
352,CCCGCCCACCCT,23,34
353,CCCCCCCACCCC,31,42
354,CACACCCGCCCC,19,30
355,CCCACCAGCCCC,42,53
356,CCCACCAGCCCC,41,52
